[ "ColoredShapePipelineSettings", {
  "pipelineIndex" : 2,
  "pipelineType" : "ColoredShape",
  "inputImageRotationMode" : "DEG_0",
  "pipelineNickname" : "cone",
  "cameraAutoExposure" : false,
  "cameraExposure" : 19.7,
  "cameraBrightness" : 39,
  "cameraGain" : 75,
  "cameraRedGain" : 9,
  "cameraBlueGain" : 22,
  "cameraVideoModeIndex" : 0,
  "streamingFrameDivisor" : "NONE",
  "ledMode" : true,
  "inputShouldShow" : true,
  "outputShouldShow" : true,
  "hsvHue" : {
    "first" : 12,
    "second" : 38
  },
  "hsvSaturation" : {
    "first" : 152,
    "second" : 255
  },
  "hsvValue" : {
    "first" : 97,
    "second" : 255
  },
  "hueInverted" : false,
  "outputShouldDraw" : true,
  "outputShowMultipleTargets" : true,
  "contourArea" : {
    "first" : 0.44,
    "second" : 100.0
  },
  "contourRatio" : {
    "first" : 0.0,
    "second" : 20.0
  },
  "contourFullness" : {
    "first" : 0.0,
    "second" : 100.0
  },
  "contourSpecklePercentage" : 1,
  "contourSortMode" : "Largest",
  "contourTargetOffsetPointEdge" : "Center",
  "contourTargetOrientation" : "Landscape",
  "offsetRobotOffsetMode" : "None",
  "offsetSinglePoint" : {
    "x" : 0.0,
    "y" : 0.0
  },
  "offsetDualPointA" : {
    "x" : 0.0,
    "y" : 0.0
  },
  "offsetDualPointAArea" : 0.0,
  "offsetDualPointB" : {
    "x" : 0.0,
    "y" : 0.0
  },
  "offsetDualPointBArea" : 0.0,
  "contourGroupingMode" : "Single",
  "contourIntersection" : "Up",
  "solvePNPEnabled" : false,
  "targetModel" : "k2020HighGoalOuter",
  "cornerDetectionStrategy" : "APPROX_POLY_DP_AND_EXTREME_CORNERS",
  "cornerDetectionUseConvexHulls" : true,
  "cornerDetectionExactSideCount" : false,
  "cornerDetectionSideCount" : 4,
  "cornerDetectionAccuracyPercentage" : 10.0,
  "contourShape" : "Custom",
  "contourPerimeter" : {
    "first" : 0.0,
    "second" : 4000.0
  },
  "accuracyPercentage" : 1.0,
  "circleDetectThreshold" : 5,
  "contourRadius" : {
    "first" : 0,
    "second" : 100
  },
  "minDist" : 20,
  "maxCannyThresh" : 90,
  "circleAccuracy" : 20,
  "cameraCalibration" : null,
  "erode" : false,
  "dilate" : false
} ]